{"cameraMode":{"drawMode":0,"name":"Shaded","section":"Shading Mode"},"sceneLighting":true,"audioPlay":false,"sceneViewState":{"m_AlwaysRefresh":false,"showFog":true,"showSkybox":true,"showFlares":true,"showImageEffects":true,"showParticleSystems":true,"showVisualEffectGraphs":true,"m_FxEnabled":true},"in2DMode":false,"pivot":{"x":24.30522346496582,"y":2.1063225269317629,"z":-8.201913833618164},"rotation":{"x":-0.03263656049966812,"y":-0.7901606559753418,"z":0.042232219129800799,"w":-0.6105775833129883},"size":13.354875564575196,"orthographic":false}