{"cameraMode":{"drawMode":0,"name":"Shaded","section":"Shading Mode"},"sceneLighting":false,"audioPlay":false,"sceneViewState":{"m_AlwaysRefresh":false,"showFog":false,"showSkybox":false,"showFlares":false,"showImageEffects":false,"showParticleSystems":false,"showVisualEffectGraphs":true,"m_FxEnabled":true},"in2DMode":false,"pivot":{"x":-0.4435705244541168,"y":0.27726122736930849,"z":0.39183202385902407},"rotation":{"x":0.0027436905074864628,"y":-0.9960483312606812,"z":0.08236082643270493,"w":0.03317698836326599},"size":1.1375057697296143,"orthographic":false}